City_ID,City,Lat,Lng,Max Temp,Humidity,Cloudiness,Wind Speed,Country,Date
0,carnarvon,-24.8667,113.6333,18.879999999999995,64,8,6.42,AU,1667832485
1,dikson,73.5069,80.5464,-13.479999999999961,92,100,5.08,RU,1667832485
2,rikitea,-23.1203,-134.9692,22.710000000000036,87,100,10.03,PF,1667832486
3,fortuna,40.5982,-124.1573,6.189999999999998,96,100,6.17,US,1667832486
4,atuona,-9.8,-139.0333,24.58000000000004,71,100,5.77,PF,1667832486
5,sharan,54.8167,54.0,-3.4499999999999886,96,100,3.13,RU,1667832487
6,arraial do cabo,-22.9661,-42.0278,23.980000000000018,68,75,3.09,BR,1667832487
7,albany,42.6001,-73.9662,18.77000000000004,54,0,1.79,US,1667832253
8,taltal,-25.4,-70.4833,17.480000000000018,73,32,2.79,CL,1667832338
9,port alfred,-33.5906,26.891,23.54000000000002,76,97,5.01,ZA,1667832488
10,tambo,-14.8,-73.9167,11.390000000000043,18,1,4.2,PE,1667832488
11,evensk,61.95,159.2333,-3.6999999999999886,95,100,6.61,RU,1667832488
12,grand gaube,-20.0064,57.6608,25.220000000000027,68,1,2.68,MU,1667832488
13,saint-francois,46.4154,3.9054,18.689999999999998,48,0,1.54,FR,1667832489
14,nikolskoye,59.7035,30.7861,6.939999999999998,82,100,3.89,RU,1667832489
15,sao filipe,14.8961,-24.4956,26.700000000000045,64,100,3.47,CV,1667832489
16,naze,28.3667,129.4833,19.510000000000048,73,23,4.05,JP,1667832490
17,kutum,14.2,24.6667,29.54000000000002,16,7,3.83,SD,1667832490
18,imbituba,-28.24,-48.6703,20.480000000000018,81,79,3.4,BR,1667832491
19,kapaa,22.0752,-159.319,25.060000000000002,85,20,7.72,US,1667832491
20,dali,25.7,100.1833,9.870000000000005,72,0,2.1,CN,1667832491
21,jasper,37.2001,-94.3502,13.150000000000034,46,0,4.63,US,1667832472
22,torbay,47.6666,-52.7314,16.53000000000003,93,75,7.72,CA,1667832492
23,faanui,-16.4833,-151.75,25.890000000000043,78,15,5.75,PF,1667832492
24,utica,43.1009,-75.2327,17.07000000000005,55,4,2.24,US,1667832301
25,kuminskiy,58.6667,66.5667,-7.310000000000002,98,43,1.65,RU,1667832492
26,yellowknife,62.456,-114.3525,-16.70999999999998,85,100,2.06,CA,1667832479
27,new norfolk,-42.7826,147.0587,12.620000000000005,81,23,1.37,AU,1667832493
28,pisco,-13.7,-76.2167,19.03000000000003,77,75,1.54,PE,1667832493
29,panukulan,14.9333,121.8144,27.24000000000001,82,95,6.28,PH,1667832493
30,ushuaia,-54.8,-68.3,9.810000000000002,76,20,2.06,AR,1667832216
31,cabo san lucas,22.8909,-109.9124,23.060000000000002,72,10,1.79,MX,1667832494
32,airai,-8.9266,125.4092,16.900000000000034,93,100,0.98,TL,1667832494
33,busselton,-33.65,115.3333,14.400000000000034,79,99,6.2,AU,1667832495
34,severo-kurilsk,50.6789,156.125,2.140000000000043,70,94,6.91,RU,1667832495
35,khatanga,71.9667,102.5,-14.5,96,100,2.43,RU,1667832495
36,lavrentiya,65.5833,-171.0,-0.9399999999999977,96,100,8.43,RU,1667832496
37,uige,-7.6087,15.0613,27.010000000000048,61,75,2.06,AO,1667832496
38,tuktoyaktuk,69.4541,-133.0374,-17.99999999999997,85,40,3.09,CA,1667832496
39,farafangana,-22.8167,47.8333,24.07000000000005,84,78,5.9,MG,1667832497
40,vila do maio,15.1333,-23.2167,31.439999999999998,64,80,5.08,CV,1667832497
41,bluff,-46.6,168.3333,11.300000000000011,85,67,5.48,NZ,1667832426
42,port elizabeth,-33.918,25.5701,22.83000000000004,76,0,9.39,ZA,1667832497
43,geraldton,-28.7667,114.6,18.230000000000018,68,75,4.12,AU,1667832498
44,hobart,-42.8794,147.3294,12.810000000000002,93,43,3.6,AU,1667832303
45,lebu,-37.6167,-73.65,14.980000000000018,66,16,4.09,CL,1667832498
46,punta arenas,-53.15,-70.9167,11.730000000000018,76,100,5.11,CL,1667832434
47,castro,-24.7911,-50.0119,18.860000000000014,46,0,1.9,BR,1667832499
48,luderitz,-26.6481,15.1594,20.939999999999998,67,82,5.42,NA,1667832499
49,cape town,-33.9258,18.4232,23.950000000000045,51,0,5.66,ZA,1667832160
50,marietta,33.9526,-84.5499,21.600000000000023,94,100,1.03,US,1667832433
51,georgetown,5.4112,100.3354,27.910000000000025,84,20,1.03,MY,1667832243
52,nichinan,31.6,131.3667,16.200000000000045,89,33,2.85,JP,1667832500
53,mehamn,71.0357,27.8492,0.9500000000000455,93,40,1.54,NO,1667832500
54,kaitangata,-46.2817,169.8464,9.439999999999998,87,81,2.55,NZ,1667832500
55,spirit river,55.7833,-118.8361,-17.75999999999999,93,100,4.76,CA,1667832501
56,colmenar viejo,40.6591,-3.7676,17.32000000000005,56,54,3.48,ES,1667832501
57,quang ngai,15.1167,108.8,22.170000000000016,92,48,2.56,VN,1667832501
58,matara,5.9485,80.5353,25.100000000000023,85,100,1.14,LK,1667832423
59,cayenne,4.9333,-52.3333,29.02000000000004,79,75,3.09,GF,1667832502
60,mana,5.6592,-53.7767,28.189999999999998,77,74,1.55,GF,1667832502
61,butaritari,3.0707,172.7902,26.439999999999998,77,35,3.13,KI,1667832502
62,citluk,43.2286,17.7008,19.870000000000005,43,20,1.54,BA,1667832503
63,chuy,-33.6971,-53.4616,20.160000000000025,55,9,6.01,UY,1667832503
64,abashiri,44.0213,144.2697,4.560000000000002,71,98,2.94,JP,1667832503
65,santa cruz de tenerife,28.4682,-16.2546,26.04000000000002,85,20,3.13,ES,1667832423
66,marzuq,14.4,46.4667,23.390000000000043,48,6,3.37,YE,1667832504
67,bethel,41.3712,-73.414,23.640000000000043,74,0,3.6,US,1667832504
68,avarua,-21.2078,-159.775,20.03000000000003,94,20,1.03,CK,1667832504
69,coquimbo,-29.9533,-71.3436,16.920000000000016,73,100,2.67,CL,1667832345
70,bredasdorp,-34.5322,20.0403,21.629999999999995,44,6,10.29,ZA,1667832505
71,port blair,11.6667,92.75,27.02000000000004,83,75,2.06,IN,1667832505
72,joshimath,30.5667,79.5667,9.689999999999998,57,12,3.07,IN,1667832506
73,povenets,62.8487,34.8262,5.78000000000003,93,100,5.32,RU,1667832506
74,terrace bay,48.7834,-87.1,1.8400000000000318,77,28,7.23,CA,1667832506
75,mayo,38.8876,-76.5119,23.970000000000027,80,40,3.09,US,1667832245
76,vaini,-21.2,-175.2,21.090000000000032,88,20,2.06,TO,1667832507
77,ekhabi,53.5102,142.9671,-2.67999999999995,92,100,6.83,RU,1667832507
78,jamestown,42.097,-79.2353,13.900000000000034,57,0,5.14,US,1667832395
79,alice springs,-23.7,133.8833,19.75,21,6,2.06,AU,1667832507
80,viedma,-40.8135,-62.9967,30.370000000000005,20,0,9.07,AR,1667832508
81,wakiso,0.4044,32.4594,24.75,65,92,1.5,UG,1667832508
82,maunabo,18.0072,-65.8993,28.900000000000034,88,100,3.58,PR,1667832509
83,kholodnyy,62.7167,147.95,-22.299999999999983,99,100,0.7,RU,1667832509
84,mataura,-46.1927,168.8643,7.300000000000011,99,92,0.42,NZ,1667832509
85,port hedland,-20.3167,118.5667,23.03000000000003,73,9,7.72,AU,1667832509
86,kuito,-12.3833,16.9333,25.24000000000001,44,99,1.66,AO,1667832510
87,fairbanks,64.8378,-147.7164,-11.159999999999968,82,0,0.0,US,1667832510
88,muisne,0.6,-80.0333,24.52000000000004,76,100,3.06,EC,1667832510
89,bhimunipatnam,17.8833,83.4333,24.730000000000018,70,97,1.95,IN,1667832511
90,odienne,9.51,-7.5692,31.370000000000005,42,53,2.32,CI,1667832511
91,piet retief,-27.0071,30.8132,18.950000000000045,85,82,2.39,ZA,1667832511
92,victoria,22.2855,114.1577,22.400000000000034,87,49,3.58,HK,1667832275
93,sibu,2.3,111.8167,24.170000000000016,100,40,2.24,MY,1667832512
94,barrow,71.2906,-156.7887,-0.9899999999999523,86,100,6.17,US,1667832512
95,san ramon,37.7799,-121.978,9.340000000000032,93,75,2.57,US,1667832513
96,hilo,19.7297,-155.09,21.730000000000018,92,100,2.68,US,1667832513
97,voka,59.3997,27.5817,6.420000000000016,77,100,6.67,EE,1667832513
98,sirjan,29.452,55.6814,16.390000000000043,26,0,1.5,IR,1667832514
99,saint-philippe,-21.3585,55.7679,24.77000000000004,77,55,4.7,RE,1667832514
100,makakilo city,21.3469,-158.0858,24.55000000000001,75,0,3.6,US,1667832514
101,ponta delgada,37.7333,-25.6667,20.28000000000003,82,75,9.26,PT,1667832483
102,kharp,66.8014,65.8081,-4.689999999999998,93,100,2.01,RU,1667832515
103,richards bay,-28.783,32.0377,24.220000000000027,68,98,6.58,ZA,1667832515
104,komsomolskiy,40.4272,71.7189,12.400000000000034,62,74,8.23,UZ,1667832515
105,beirut,33.8889,35.4944,22.410000000000025,49,40,5.66,LB,1667832516
106,sioux lookout,50.1001,-91.917,-1.9599999999999795,86,75,4.63,CA,1667832516
107,dingle,10.9995,122.6711,25.02000000000004,90,100,2.57,PH,1667832516
108,acheng,45.5454,126.977,-0.18999999999999773,64,0,2.68,CN,1667832517
109,tomari,47.7658,142.0683,5.310000000000002,66,16,6.6,RU,1667832517
110,alyangula,-13.8483,136.4192,27.510000000000048,72,13,3.71,AU,1667832517
111,zabaykalsk,49.6333,117.3167,-4.1299999999999955,81,100,1.03,RU,1667832518
112,nova olimpia,-14.7972,-57.2881,36.77000000000004,17,0,1.49,BR,1667832518
113,korla,41.7597,86.1469,9.53000000000003,37,100,0.24,CN,1667832518
114,shenjiamen,29.9576,122.298,17.379999999999995,64,13,2.81,CN,1667832518
115,bilibino,68.0546,166.4372,-22.149999999999977,99,16,1.95,RU,1667832519
116,vila velha,-20.3297,-40.2925,25.970000000000027,73,20,5.14,BR,1667832519
117,thompson,55.7435,-97.8558,-16.909999999999968,78,75,3.6,CA,1667832351
118,salalah,17.0151,54.0924,28.05000000000001,74,20,2.57,OM,1667832498
119,qaanaaq,77.484,-69.3632,-18.789999999999964,91,100,4.81,GL,1667832520
120,ribeira grande,38.5167,-28.7,20.220000000000027,68,40,7.72,PT,1667832520
121,jiaxing,30.7522,120.75,14.960000000000036,89,0,2.76,CN,1667832520
122,acapulco,16.8634,-99.8901,27.450000000000045,81,2,0.4,MX,1667832498
123,yongzhou,26.4559,111.5988,19.980000000000018,57,0,1.4,CN,1667832521
124,shimoda,34.6667,138.95,11.720000000000027,84,42,2.89,JP,1667832521
125,angoram,-4.0625,144.0661,23.57000000000005,99,100,0.84,PG,1667832521
126,katsuura,35.1333,140.3,16.79000000000002,88,70,5.1,JP,1667832522
127,sarapul,56.4763,53.7978,-1.3100000000000023,85,100,3.49,RU,1667832522
128,port augusta,-32.5,137.7667,22.480000000000018,33,69,4.12,AU,1667832522
129,fiche,9.8,38.7333,14.970000000000027,36,68,1.51,ET,1667832523
130,bengkulu,-3.8004,102.2655,24.189999999999998,92,100,2.95,ID,1667832266
131,sungai padi,6.0851,101.8766,26.879999999999995,95,93,0.91,TH,1667832523
132,puerto ayora,-0.7393,-90.3518,21.980000000000018,84,38,2.24,EC,1667832523
133,tripoli,32.8752,13.1875,21.590000000000032,53,0,4.38,LY,1667832319
134,esperance,-33.8667,121.9,15.910000000000025,84,96,6.19,AU,1667832524
135,malanje,-9.5402,16.341,25.5,60,90,2.21,AO,1667832524
136,nanortalik,60.1432,-45.2371,-0.9399999999999977,88,27,0.53,GL,1667832524
137,angoche,-16.2325,39.9086,26.860000000000014,75,5,8.3,MZ,1667832525
138,hualmay,-11.0964,-77.6139,19.730000000000018,72,17,4.64,PE,1667832525
139,coro,11.4045,-69.6734,29.58000000000004,66,86,2.89,VE,1667832525
140,bakchar,57.0186,82.0711,-4.319999999999993,99,97,1.7,RU,1667832526
141,kieta,-6.2167,155.6333,25.689999999999998,82,100,1.77,PG,1667832526
142,bubaque,11.2833,-15.8333,28.55000000000001,63,27,2.3,GW,1667832526
143,ahipara,-35.1667,173.1667,14.100000000000023,92,100,5.41,NZ,1667832527
144,kushima,31.4583,131.2333,15.580000000000041,89,35,2.3,JP,1667832527
145,goure,13.9835,10.2704,32.31,11,6,4.0,NE,1667832527
146,isangel,-19.55,169.2667,25.560000000000002,82,100,2.16,VU,1667832528
147,saldanha,-33.0117,17.9442,17.960000000000036,71,8,4.67,ZA,1667832528
148,neuquen,-38.9516,-68.0591,27.939999999999998,28,0,3.6,AR,1667832528
149,selizharovo,56.8519,33.4487,2.0600000000000023,97,99,3.01,RU,1667832529
150,whitehorse,60.7161,-135.0538,-22.569999999999965,83,40,0.0,CA,1667832529
151,seddon,-37.8068,144.8916,17.08000000000004,82,0,0.51,AU,1667832529
152,pevek,69.7008,170.3133,-14.189999999999998,91,10,3.23,RU,1667832530
153,russell,32.3502,-85.1999,23.99000000000001,88,20,2.06,US,1667832530
154,waingapu,-9.6567,120.2641,27.75,77,100,1.23,ID,1667832530
155,lufilufi,-13.8745,-171.5986,23.879999999999995,78,73,8.65,WS,1667832531
156,gold coast,-28.0,153.4333,18.33000000000004,79,75,0.0,AU,1667832531
157,kysyl-syr,63.8986,122.7617,-30.069999999999965,100,29,0.46,RU,1667832531
158,nuuk,64.1835,-51.7216,-6.659999999999968,58,20,9.26,GL,1667832532
159,caravelas,-17.7125,-39.2481,26.410000000000025,52,93,4.47,BR,1667832532
160,maceio,-9.6658,-35.7353,24.689999999999998,88,100,3.6,BR,1667832248
161,thinadhoo,0.5333,72.9333,27.730000000000018,77,29,7.42,MV,1667832532
162,lixourion,38.2019,20.4314,23.0,49,20,3.6,GR,1667832533
163,tiksi,71.6872,128.8694,-17.399999999999977,90,100,9.37,RU,1667832533
164,westport,41.1415,-73.3579,23.730000000000018,78,18,3.58,US,1667832240
165,broken hill,-31.95,141.4333,19.600000000000023,53,0,4.91,AU,1667832533
166,bilma,18.6853,12.9164,30.140000000000043,12,0,1.3,NE,1667832534
167,talnakh,69.4865,88.3972,-10.439999999999998,96,100,1.71,RU,1667832534
168,hokitika,-42.7167,170.9667,9.5,85,75,1.96,NZ,1667832534
169,sironko,1.2313,34.2477,21.090000000000032,80,99,3.24,UG,1667832535
170,codrington,-38.2667,141.9667,13.650000000000034,92,3,3.81,AU,1667832535
171,bar-le-duc,48.75,5.1667,14.57000000000005,80,98,5.88,FR,1667832535
172,kavieng,-2.5744,150.7967,28.08000000000004,75,100,2.68,PG,1667832536
173,norman wells,65.282,-126.8329,-18.97999999999999,84,40,2.06,CA,1667832536
174,aripuana,-9.1667,-60.6333,38.0,25,3,0.84,BR,1667832536
175,gornopravdinsk,60.05,69.9,-8.319999999999993,98,55,1.62,RU,1667832537
176,snyder,32.7179,-100.9176,10.189999999999998,81,40,5.66,US,1667832537
177,griffith,41.5284,-87.4237,8.950000000000045,48,0,4.12,US,1667832537
178,santa maria,-29.6842,-53.8069,21.610000000000014,53,75,7.2,BR,1667832510
179,gogrial,8.5332,28.1004,33.94,27,99,0.24,SS,1667832538
180,port-gentil,-0.7193,8.7815,28.980000000000018,79,40,5.66,GA,1667832538
181,haines junction,60.7522,-137.5108,-27.029999999999973,76,37,1.03,CA,1667832538
182,brasilia,-15.7797,-47.9297,26.460000000000036,53,75,5.14,BR,1667832351
183,san miguel,13.4833,-88.1833,26.810000000000002,89,75,2.06,SV,1667832325
184,ucluelet,48.9329,-125.5528,-1.0600000000000023,92,55,4.79,CA,1667832539
185,cap malheureux,-19.9842,57.6142,24.150000000000034,68,1,2.68,MU,1667832539
186,iqaluit,63.7506,-68.5145,-8.149999999999977,67,75,7.2,CA,1667832540
187,olafsvik,64.8945,-23.7142,5.57000000000005,76,92,5.39,IS,1667832540
188,saskylakh,71.9167,114.0833,-30.809999999999974,100,74,1.8,RU,1667832540
189,hambantota,6.1241,81.1185,24.189999999999998,100,100,2.06,LK,1667832541
190,poum,-20.2333,164.0167,25.430000000000007,81,34,3.87,NC,1667832541
191,ponta do sol,32.6667,-17.1,22.850000000000023,86,99,0.89,PT,1667832541
192,san patricio,28.017,-97.5169,27.140000000000043,74,0,5.68,US,1667832542
193,alofi,-19.0595,-169.9187,20.939999999999998,88,16,1.03,NU,1667832542
194,timbiqui,2.7717,-77.6654,27.210000000000036,71,79,1.63,CO,1667832542
195,usvyaty,55.7456,30.7533,5.090000000000032,95,100,3.15,RU,1667832543
196,longyearbyen,78.2186,15.6401,-1.089999999999975,80,75,6.17,SJ,1667832543
197,chokurdakh,70.6333,147.9167,-19.859999999999985,89,100,6.11,RU,1667832543
198,rae bareli,26.2167,81.2333,23.730000000000018,48,76,1.59,IN,1667832544
199,cidreira,-30.1811,-50.2056,18.920000000000016,69,5,5.41,BR,1667832544
200,souillac,-20.5167,57.5167,25.210000000000036,73,40,4.12,MU,1667832545
201,ciudad guayana,8.3533,-62.6528,31.400000000000034,69,19,1.01,VE,1667832545
202,aksu,41.1231,80.2644,10.04000000000002,33,96,1.98,CN,1667832545
203,lake havasu city,34.4839,-114.3224,19.700000000000045,33,0,3.13,US,1667832546
204,port lincoln,-34.7333,135.8667,20.480000000000018,56,98,8.21,AU,1667832546
205,hermanus,-34.4187,19.2345,20.450000000000045,68,3,8.68,ZA,1667832547
206,vao,-22.6667,167.4833,23.680000000000007,84,97,7.66,NC,1667832547
207,moerai,-22.4333,-151.3333,22.510000000000048,81,100,6.29,PF,1667832547
208,east london,-33.0153,27.9116,22.52000000000004,83,100,4.63,ZA,1667832548
209,dawei,14.0833,98.2,24.100000000000023,81,14,1.5,MM,1667832548
210,kodiak,57.79,-152.4072,2.730000000000018,70,100,6.69,US,1667832548
211,leningradskiy,69.3833,178.4167,-13.859999999999957,86,16,2.09,RU,1667832549
212,havoysund,70.9963,24.6622,2.1299999999999955,80,100,11.76,NO,1667832549
213,tanete,-3.9443,119.7848,23.600000000000023,98,100,1.62,ID,1667832549
214,kirakira,-10.4544,161.9205,26.07000000000005,84,76,1.95,SB,1667832550
215,lahaina,20.8783,-156.6825,25.450000000000045,85,94,3.79,US,1667832550
216,homer,59.6425,-151.5483,-0.12999999999999545,65,0,5.81,US,1667832435
217,mount gambier,-37.8333,140.7667,13.730000000000018,87,8,2.63,AU,1667832550
218,hasaki,35.7333,140.8333,13.450000000000045,83,76,5.81,JP,1667832551
219,ilulissat,69.2167,-51.1,-19.069999999999965,91,57,2.46,GL,1667832551
220,pidhorodne,48.5753,35.1068,5.460000000000036,58,98,3.18,UA,1667832552
221,shinpokh,34.3292,71.1782,18.670000000000016,59,15,1.05,PK,1667832552
222,oksfjord,70.2396,22.3479,5.100000000000023,97,100,5.2,NO,1667832552
223,kavaratti,10.5669,72.642,28.090000000000032,69,73,1.88,IN,1667832553
224,labuhan,-6.8844,112.2051,26.890000000000043,79,100,0.05,ID,1667832553
225,japura,-0.3167,102.35,24.25,94,100,0.8,ID,1667832553
226,mwingi,-0.9344,38.0601,22.57000000000005,72,93,2.7,KE,1667832554
227,tolaga bay,-38.3667,178.3,9.710000000000036,85,73,2.29,NZ,1667832554
228,nabire,-3.3667,135.4833,24.29000000000002,93,100,1.65,ID,1667832555
229,tuatapere,-46.1333,167.6833,9.680000000000007,89,95,1.28,NZ,1667832555
230,severobaykalsk,55.65,109.3167,0.34000000000003183,87,100,1.67,RU,1667832444
231,shu,43.5983,73.7614,9.050000000000011,82,100,6.16,KZ,1667832555
232,mahebourg,-20.4081,57.7,25.160000000000025,73,40,4.12,MU,1667832556
233,moree,-29.4667,149.85,18.28000000000003,63,99,4.38,AU,1667832556
234,kalakamati,-20.5929,27.3121,22.83000000000004,66,77,5.5,BW,1667832556
235,formosa,-26.1775,-58.1781,26.99000000000001,44,0,5.14,AR,1667832557
236,karratha,-20.7377,116.8463,22.360000000000014,67,1,8.47,AU,1667832557
237,beringovskiy,63.05,179.3167,-0.4199999999999591,99,100,6.76,RU,1667832558
238,tasiilaq,65.6145,-37.6368,-0.9099999999999682,93,100,6.18,GL,1667832558
239,pout,14.7739,-17.0603,34.420000000000016,26,0,6.69,SN,1667832558
240,sosnovo-ozerskoye,52.5249,111.5418,-5.199999999999989,78,34,2.69,RU,1667832559
241,kyrylivka,46.3759,35.3675,8.330000000000041,65,99,8.75,UA,1667832559
242,nadym,65.5333,72.5167,-7.0,93,100,4.4,RU,1667832559
243,san cristobal,7.7669,-72.225,22.100000000000023,57,37,2.56,VE,1667832560
244,baykit,61.67,96.37,-6.46999999999997,93,100,2.64,RU,1667832560
245,namibe,-15.1961,12.1522,26.350000000000023,73,0,7.72,AO,1667832560
246,iranshahr,27.2025,60.6848,28.189999999999998,24,20,2.06,IR,1667832561
247,elko,41.0002,-115.5012,5.680000000000007,82,63,3.13,US,1667832561
248,acajutla,13.5928,-89.8275,28.29000000000002,69,99,2.24,SV,1667832561
249,pishin,30.5803,66.9961,16.629999999999995,32,71,1.45,PK,1667832562
250,penzance,50.1186,-5.5371,15.980000000000018,88,20,13.38,GB,1667832562
251,kuching,1.55,110.3333,25.120000000000005,88,40,2.24,MY,1667832366
252,porbandar,21.6422,69.6093,29.99000000000001,35,30,4.12,IN,1667832365
253,porto seguro,-16.4497,-39.0647,26.29000000000002,65,40,3.6,BR,1667832562
254,yantzaza,-3.8278,-78.7594,24.24000000000001,82,79,0.91,EC,1667832434
255,camocim,-2.9022,-40.8411,30.370000000000005,61,86,5.86,BR,1667832563
256,cherskiy,68.75,161.3,-21.599999999999966,100,68,1.52,RU,1667832563
257,sidney,-33.8679,151.2073,17.610000000000014,85,75,2.57,AU,1667832411
258,edd,13.9297,41.6925,30.700000000000045,58,6,8.11,ER,1667832564
259,grindavik,63.8424,-22.4338,5.260000000000048,87,100,3.09,IS,1667832564
260,huntingdon,52.3305,-0.1865,14.970000000000027,85,100,7.81,GB,1667832505
261,cap-aux-meules,47.3821,-61.8597,15.03000000000003,82,100,7.2,CA,1667832564
262,sorong,-0.8833,131.25,26.75,81,98,1.3,ID,1667832565
263,boa vista,2.8197,-60.6733,27.99000000000001,74,75,1.54,BR,1667832552
264,dunedin,-45.8742,170.5036,12.670000000000016,72,92,5.36,NZ,1667832565
265,atherton,53.5237,-2.4935,14.379999999999995,84,100,1.79,GB,1667832565
266,tigre,-34.426,-58.5796,24.470000000000027,52,0,3.6,AR,1667832566
267,zyryanka,65.75,150.85,-29.23999999999998,100,57,1.31,RU,1667832566
268,aykino,62.2248,49.9922,-1.7699999999999818,96,100,2.79,RU,1667832566
269,matagami,49.7502,-77.6328,3.0600000000000023,87,100,5.66,CA,1667832567
270,wenling,28.3669,121.36,16.49000000000001,82,98,2.06,CN,1667832567
271,praia da vitoria,38.7333,-27.0667,19.310000000000002,88,75,5.09,PT,1667832448
272,maniitsoq,65.4167,-52.9,-8.479999999999961,60,0,3.24,GL,1667832568
273,saint-georges,12.0564,-61.7485,29.82000000000005,74,20,8.75,GD,1667832568
274,teguldet,57.3064,88.1667,-6.560000000000002,99,87,1.74,RU,1667832568
275,bairiki,1.3292,172.9752,25.0,83,20,1.54,KI,1667832569
276,klaksvik,62.2266,-6.589,9.510000000000048,92,90,12.83,FO,1667832569
277,camacha,33.0833,-16.3333,20.680000000000007,68,40,2.57,PT,1667832569
278,saint-augustin,51.226,-58.6502,12.870000000000005,85,87,5.31,CA,1667832570
279,fare,-16.7,-151.0167,25.840000000000032,78,42,6.95,PF,1667832570
280,andreapol,56.6513,32.2664,2.5500000000000114,97,100,2.9,RU,1667832570
281,kalmunai,7.4167,81.8167,25.870000000000005,82,86,3.19,LK,1667832571
282,grand baie,-20.0182,57.5802,25.260000000000048,68,2,1.34,MU,1667832571
283,kununurra,-15.7667,128.7333,27.99000000000001,69,25,2.57,AU,1667832571
284,erenhot,43.6475,111.9767,1.6100000000000136,28,1,3.62,CN,1667832572
285,nouadhibou,20.931,-17.0347,24.370000000000005,50,0,4.35,MR,1667832572
286,saint george,37.1041,-113.5841,14.03000000000003,40,0,6.69,US,1667832572
287,charters towers,-20.1,146.2667,20.470000000000027,72,25,4.33,AU,1667832573
288,blagoyevo,63.3667,47.9167,0.32000000000005,95,100,3.78,RU,1667832573
289,yulara,-25.2406,130.9889,24.78000000000003,49,84,6.12,AU,1667832573
290,alta,69.9689,23.2717,1.2200000000000273,86,75,3.09,NO,1667832573
291,boende,-0.2167,20.8667,25.52000000000004,86,100,0.99,CD,1667832574
292,kudat,6.8837,116.8477,25.960000000000036,94,20,0.51,MY,1667832574
293,hegang,47.4,130.3667,-1.7299999999999613,67,0,2.42,CN,1667832574
294,port hueneme,34.1478,-119.1951,16.180000000000007,92,100,3.6,US,1667832575
295,goias,-15.5807,-49.6362,32.129999999999995,29,18,2.65,BR,1667832575
296,parakou,9.3372,2.6303,34.03000000000003,17,36,2.44,BJ,1667832575
297,toamasina,-18.1667,49.3833,26.0,73,20,3.09,MG,1667832576
298,pangnirtung,66.1451,-65.7125,-10.0,44,20,2.57,CA,1667832576
299,kahului,20.8947,-156.47,25.470000000000027,74,0,6.69,US,1667832576
300,llanes,43.4198,-4.7549,18.27000000000004,59,100,0.45,ES,1667832577
301,tadine,-21.55,167.8833,24.32000000000005,86,100,4.14,NC,1667832577
302,betioky,-23.7167,44.3833,24.090000000000032,63,63,3.68,MG,1667832577
303,kaili,-3.4626,120.2147,19.54000000000002,97,100,0.64,ID,1667832578
304,mayya,61.7333,130.2811,-19.269999999999982,97,100,2.89,RU,1667832578
305,gulbene,57.1777,26.7529,4.340000000000032,91,99,4.07,LV,1667832578
306,vargem grande do sul,-21.8322,-46.8936,23.25,61,80,1.83,BR,1667832579
307,paamiut,61.994,-49.6678,-8.139999999999986,70,92,2.36,GL,1667832579
308,jalu,29.0331,21.5482,23.420000000000016,47,99,5.26,LY,1667832579
309,avera,33.194,-82.5271,23.08000000000004,69,0,2.38,US,1667832580
310,laguna,38.421,-121.4238,9.54000000000002,91,0,2.06,US,1667832580
311,forecariah,9.4306,-13.0881,33.110000000000014,51,60,1.69,GN,1667832580
312,hithadhoo,-0.6,73.0833,28.0,74,69,7.58,MV,1667832581
313,ayan,56.45,138.1667,-12.529999999999973,56,2,7.18,RU,1667832581
314,hofn,64.2539,-15.2082,6.010000000000048,75,75,8.75,IS,1667832581
315,biak,-0.9131,122.8766,24.850000000000023,87,100,1.5,ID,1667832582
316,valentin gomez farias,28.2167,-106.5833,16.450000000000045,25,22,0.47,MX,1667832582
317,willowmore,-33.2926,23.4895,27.04000000000002,29,96,3.82,ZA,1667832582
318,rock sound,24.9,-76.2,27.160000000000025,69,0,9.67,BS,1667832583
319,iskateley,67.6803,53.1512,-1.1099999999999568,97,100,5.93,RU,1667832583
320,takoradi,4.8845,-1.7554,28.49000000000001,71,100,4.16,GH,1667832538
321,sulz,48.3624,8.6331,14.640000000000043,78,99,3.33,DE,1667832583
322,vardo,70.3705,31.1107,-0.009999999999990905,93,100,3.09,NO,1667832584
323,patos de minas,-18.5789,-46.5181,27.57000000000005,40,35,5.16,BR,1667832584
324,portland,45.5234,-122.6762,4.970000000000027,94,100,3.6,US,1667832305
325,sarahan,31.5167,77.8,7.939999999999998,54,3,2.76,IN,1667832585
326,mapalad,15.4333,121.1,23.78000000000003,91,100,2.08,PH,1667832585
327,tautira,-17.7333,-149.15,24.55000000000001,86,100,8.48,PF,1667832585
328,abu dhabi,24.4667,54.3667,30.060000000000002,66,0,2.06,AE,1667832298
329,planaltina,-15.4528,-47.6142,27.370000000000005,40,44,2.89,BR,1667832586
330,asyut,27.181,31.1837,27.100000000000023,24,45,3.57,EG,1667832586
331,hamilton,39.1834,-84.5333,15.129999999999995,52,20,4.12,US,1667832501
332,vila,42.0304,-8.1588,12.490000000000009,81,99,4.31,PT,1667832586
333,taos,36.4072,-105.5731,1.7800000000000296,93,0,5.66,US,1667832587
334,nola,40.922,14.5329,21.230000000000018,73,8,1.54,IT,1667832587
335,comodoro rivadavia,-45.8667,-67.5,20.920000000000016,40,0,3.6,AR,1667832587
336,harboore,56.6175,8.1807,11.75,87,34,8.36,DK,1667832588
337,havelock,34.8791,-76.9013,25.970000000000027,85,0,0.89,US,1667832588
338,tazmalt,36.3868,4.3989,25.900000000000034,18,0,2.78,DZ,1667832588
339,kabalo,-6.05,26.9167,29.27000000000004,53,100,0.81,CD,1667832589
340,trairi,-3.2778,-39.2689,29.640000000000043,62,78,6.65,BR,1667832493
341,arteaga,18.4667,-102.4167,21.140000000000043,80,7,0.75,MX,1667832589
342,moron,-34.6534,-58.6198,24.410000000000025,54,4,4.72,AR,1667832589
343,chifeng,42.2683,118.9636,2.7900000000000205,28,0,2.31,CN,1667832428
344,conceicao do araguaia,-8.2578,-49.2647,29.470000000000027,64,100,2.76,BR,1667832590
345,kutoarjo,-7.7169,109.9128,24.310000000000002,94,100,0.83,ID,1667832590
346,provideniya,64.3833,-173.3,-1.3999999999999773,96,100,13.19,RU,1667832591
347,half moon bay,37.4636,-122.4286,10.170000000000016,92,100,2.06,US,1667832305
348,yakeshi,49.2833,120.7333,-8.529999999999973,94,95,1.82,CN,1667832591
349,cabugao,17.7931,120.4578,25.140000000000043,87,31,1.65,PH,1667832591
350,upernavik,72.7868,-56.1549,-10.539999999999964,84,100,1.06,GL,1667832592
351,port hardy,50.6996,-127.4199,0.10000000000002274,64,20,8.75,CA,1667832351
352,kachiry,53.0675,76.1036,0.17000000000001592,73,100,1.69,KZ,1667832592
353,hjelset,62.7833,7.4833,4.8799999999999955,81,0,3.09,NO,1667832592
354,krasnoselkup,65.7,82.4667,-8.729999999999961,95,100,4.72,RU,1667832593
355,yumen,40.2833,97.2,5.970000000000027,31,100,3.44,CN,1667832593
356,myitkyina,25.3833,97.4,19.620000000000005,78,0,0.92,MM,1667832593
357,sao felix do xingu,-6.6447,-51.995,26.879999999999995,76,100,1.34,BR,1667832594
358,sioux falls,43.55,-96.7003,-2.2799999999999727,66,75,2.57,US,1667832581
359,port arthur,38.8,121.2667,8.120000000000005,45,0,4.41,CN,1667832594
360,osakarovka,50.565,72.5692,-3.659999999999968,73,48,1.41,KZ,1667832595
361,changli,39.7042,119.1506,8.230000000000018,56,0,0.7,CN,1667832595
362,puerto lempira,15.2667,-83.7667,27.670000000000016,62,25,4.63,HN,1667832595
363,roma,43.2128,-75.4557,17.07000000000005,60,0,5.14,US,1667832569
364,linqu,36.5156,118.5397,9.340000000000032,71,0,0.72,CN,1667832596
365,cockburn town,21.4612,-71.1419,25.980000000000018,78,40,6.17,TC,1667832496
366,rokytne,51.2796,27.214,9.020000000000039,90,54,2.74,UA,1667832596
367,kushiro,42.975,144.3747,5.1299999999999955,72,98,2.43,JP,1667832596
368,clyde river,70.4692,-68.5914,-14.870000000000005,66,20,1.03,CA,1667832597
369,thio,-21.6167,166.2167,21.980000000000018,88,61,3.04,NC,1667832597
370,wakkanai,45.4094,141.6739,9.260000000000048,62,63,9.44,JP,1667832597
371,rocha,-34.4833,-54.3333,20.80000000000001,53,0,5.96,UY,1667832598
372,tessalit,20.1986,1.0114,30.950000000000045,9,75,0.76,ML,1667832598
373,kamenka,51.3223,42.7678,1.160000000000025,78,100,2.65,RU,1667832599
374,mogok,22.9167,96.5,14.57000000000005,72,0,1.03,MM,1667832599
375,alta floresta,-9.8756,-56.0861,31.900000000000034,62,25,1.03,BR,1667832599
376,nsanje,-16.92,35.262,34.74000000000001,34,23,0.84,MW,1667832600
377,narsaq,60.9167,-46.05,0.12000000000000455,92,98,0.98,GL,1667832600
378,mazabuka,-15.856,27.748,22.660000000000025,70,100,2.31,ZM,1667832600
379,gamboma,-1.8764,15.8644,27.720000000000027,70,91,1.12,CG,1667832600
380,rionegro,6.1552,-75.3737,20.960000000000036,86,75,2.06,CO,1667832601
381,bismarck,46.8083,-100.7837,-8.95999999999998,81,75,4.12,US,1667832601
382,general roca,-39.0333,-67.5833,30.350000000000023,19,36,8.4,AR,1667832602
383,ostrovnoy,68.0531,39.5131,-0.8199999999999932,93,100,2.91,RU,1667832602
384,dongying,37.4564,118.4856,10.640000000000043,75,0,1.23,CN,1667832602
385,tezu,27.9167,96.1667,18.54000000000002,65,0,1.79,IN,1667832603
386,bijie,27.3125,105.2942,12.840000000000032,87,94,1.63,CN,1667832603
387,tigzirt,36.8886,4.1198,22.920000000000016,38,4,3.21,DZ,1667832604
388,los llanos de aridane,28.6585,-17.9182,21.860000000000014,80,75,3.58,ES,1667832563
389,umm kaddadah,13.6017,26.6876,32.710000000000036,14,4,5.72,SD,1667832604
390,fatehabad,29.5167,75.45,24.03000000000003,33,0,2.86,IN,1667832605
391,kampot,10.6167,104.1833,25.03000000000003,84,73,1.91,KH,1667832605
392,eyl,7.9803,49.8164,26.640000000000043,72,0,6.42,SO,1667832606
393,kerema,-7.9631,145.7785,25.379999999999995,88,63,1.64,PG,1667832606
394,kamuli,0.9472,33.1197,23.140000000000043,71,95,1.51,UG,1667832606
395,saint-pierre,-21.3393,55.4781,24.82000000000005,69,40,2.06,RE,1667832607
396,mackay,-21.15,149.2,20.930000000000007,71,26,6.36,AU,1667832607
397,nelson bay,-32.7167,152.15,18.33000000000004,84,0,3.13,AU,1667832411
398,capitao poco,-1.7464,-47.0594,29.30000000000001,65,100,2.21,BR,1667832608
399,kawalu,-7.3817,108.2082,22.150000000000034,98,100,0.66,ID,1667832608
400,srednekolymsk,67.45,153.6833,-30.149999999999977,100,71,1.55,RU,1667832609
401,dandong,40.1292,124.3947,6.430000000000007,87,0,1.41,CN,1667832609
402,bathsheba,13.2167,-59.5167,30.340000000000032,70,75,8.75,BB,1667832610
403,kabin buri,13.9511,101.7177,23.700000000000045,67,2,0.96,TH,1667832610
404,fort nelson,58.8053,-122.7002,-22.809999999999974,87,75,1.03,CA,1667832611
405,la ronge,55.1001,-105.2842,-14.859999999999957,78,40,3.6,CA,1667832611
406,kangasala,61.4638,24.076,8.32000000000005,100,100,4.42,FI,1667832612
407,batemans bay,-35.7167,150.1833,13.090000000000032,96,27,1.71,AU,1667832612
408,sao joao da barra,-21.6403,-41.0511,26.05000000000001,66,34,4.64,BR,1667832612
409,lucapa,-8.4192,20.7447,26.340000000000032,61,92,2.77,AO,1667832613
410,antofagasta,-23.65,-70.4,19.629999999999995,63,26,4.44,CL,1667832613
411,bandarbeyla,9.4942,50.8122,26.450000000000045,70,0,4.32,SO,1667832614
412,ahuimanu,21.4447,-157.8378,25.200000000000045,79,20,3.6,US,1667832614
413,lata,40.1629,-8.3327,18.370000000000005,68,100,3.25,PT,1667832615
414,beloha,-25.1667,45.05,25.629999999999995,66,21,4.37,MG,1667832615
415,ypsonas,34.6884,32.9574,16.54000000000002,88,100,2.06,CY,1667832615
416,menongue,-14.6585,17.691,27.689999999999998,37,100,1.33,AO,1667832616
417,kokkola,63.8385,23.1307,5.090000000000032,97,100,0.51,FI,1667832616
418,marsh harbour,26.5412,-77.0636,26.689999999999998,69,0,11.43,BS,1667832488
419,ovalle,-30.5983,-71.2003,23.640000000000043,45,100,2.17,CL,1667832617
420,newport,51.5877,-2.9984,15.460000000000036,87,94,11.12,GB,1667832617
421,ous,60.9058,61.5186,-4.899999999999977,96,51,2.13,RU,1667832617
422,shirokiy,49.758,129.523,-6.899999999999977,90,9,1.53,RU,1667832618
423,husavik,66.0449,-17.3389,4.240000000000009,90,77,3.37,IS,1667832618
424,guerrero negro,27.9769,-114.0611,18.110000000000014,74,99,4.04,MX,1667832618
425,hetauda,27.4284,85.0322,21.640000000000043,76,70,2.02,NP,1667832619
426,hanzhong,33.0728,107.0303,14.79000000000002,83,100,1.19,CN,1667832619
427,itarema,-2.9248,-39.9167,29.75,62,66,7.75,BR,1667832620
428,cairns,-16.9167,145.7667,25.620000000000005,83,100,3.6,AU,1667832620
429,awbari,26.5921,12.7805,22.340000000000032,16,0,3.64,LY,1667832621
430,phonhong,18.5007,102.4166,22.100000000000023,81,93,0.22,LA,1667832621
431,siderno,38.2779,16.302,19.439999999999998,62,25,4.49,IT,1667832622
432,cabedelo,-6.9811,-34.8339,30.370000000000005,59,87,5.03,BR,1667832622
433,warsaw,52.2298,21.0118,11.550000000000011,76,75,4.12,PL,1667832561
434,bambous virieux,-20.3428,57.7575,25.140000000000043,73,40,4.12,MU,1667832623
435,bandeirantes,-23.11,-50.3675,24.82000000000005,38,0,3.0,BR,1667832623
436,lompoc,34.6391,-120.4579,13.210000000000036,98,100,4.12,US,1667832551
437,mamallapuram,12.6264,80.1722,27.03000000000003,83,22,5.18,IN,1667832624
438,dakar,14.6937,-17.4441,34.49000000000001,66,0,4.12,SN,1667832624
439,nguruka,-5.1092,31.0419,24.25,60,98,1.05,TZ,1667832624
440,port moresby,-9.4431,147.1797,25.680000000000007,89,40,2.57,PG,1667832625
441,kudahuvadhoo,2.6708,72.8944,27.510000000000048,77,86,5.58,MV,1667832625
442,knysna,-34.0363,23.0471,20.600000000000023,70,96,2.78,ZA,1667832626
443,selenduma,50.9131,106.2406,-3.2099999999999795,71,27,1.06,RU,1667832626
444,poronaysk,49.2167,143.1167,-0.07999999999998408,64,0,3.39,RU,1667832627
445,mar del plata,-38.0023,-57.5575,23.79000000000002,62,0,8.23,AR,1667832608
446,khasan,42.4308,130.6434,5.670000000000016,68,0,4.0,RU,1667832627
447,rapar,23.5667,70.6333,27.670000000000016,36,96,2.67,IN,1667832628
448,talcahuano,-36.7167,-73.1167,13.939999999999998,72,7,3.79,CL,1667832628
449,mandurah,-32.55,115.7,18.82000000000005,72,99,5.24,AU,1667832628
450,montbrison,45.6667,4.0833,18.189999999999998,54,6,1.86,FR,1667832629
451,constitucion,-35.3333,-72.4167,17.27000000000004,66,12,3.66,CL,1667832489
452,khonsa,27.0167,95.5667,14.57000000000005,82,0,1.76,IN,1667832629
453,teguise,29.0605,-13.564,21.120000000000005,83,20,5.14,ES,1667832630
454,diffa,13.3154,12.6113,33.47000000000003,12,20,4.06,NE,1667832630
455,pacific grove,36.6177,-121.9166,10.82000000000005,91,100,1.34,US,1667832631
456,manono,-7.3,27.4167,26.77000000000004,64,93,1.83,CD,1667832631
457,murgab,37.4966,61.9714,9.930000000000007,81,100,2.06,TM,1667832632
458,nerchinsk,51.9833,116.5833,-4.149999999999977,84,56,1.96,RU,1667832632
459,key west,24.5557,-81.7826,29.0,76,0,6.69,US,1667832293
460,padang,-0.9492,100.3543,25.03000000000003,87,100,1.63,ID,1667832369
461,lamu,-2.2717,40.902,28.120000000000005,82,97,4.87,KE,1667832632
462,manchar,19.0,73.9333,22.360000000000014,43,86,1.5,IN,1667832633
463,corn island,12.1694,-83.0418,27.689999999999998,74,98,6.46,NI,1667832633
464,chimbarongo,-34.7,-71.05,25.960000000000036,30,35,2.53,CL,1667832633
465,ancud,-41.8697,-73.8203,13.730000000000018,69,100,2.62,CL,1667832634
466,weyburn,49.6668,-103.8511,-9.879999999999995,85,55,5.14,CA,1667832634
467,shubarshi,48.5872,57.1869,-1.3799999999999955,83,96,4.36,KZ,1667832634
468,sechura,-5.5569,-80.8222,22.150000000000034,65,10,3.45,PE,1667832635
469,sitka,57.0531,-135.33,-1.0600000000000023,29,0,3.6,US,1667832635
470,champerico,14.3,-91.9167,27.30000000000001,76,95,1.57,GT,1667832635
471,singarayakonda,15.25,80.0333,25.110000000000014,69,30,2.6,IN,1667832636
472,tanabe,33.7333,135.3667,14.450000000000045,73,33,2.46,JP,1667832636
473,kui buri,12.0828,99.8543,24.710000000000036,81,92,1.48,TH,1667832636
474,santiago de chuco,-8.15,-78.1833,15.990000000000009,48,33,0.65,PE,1667832637
475,yarada,17.65,83.2667,25.180000000000007,88,100,1.03,IN,1667832637
476,tazovskiy,67.4667,78.7,-5.259999999999991,96,100,3.34,RU,1667832380
477,elizabethton,36.3487,-82.2107,21.27000000000004,73,100,0.0,US,1667832638
478,xanlar,40.5869,46.3158,6.730000000000018,66,100,4.12,AZ,1667832638
479,college,64.8569,-147.8028,-11.169999999999959,81,75,0.0,US,1667832638
480,lagoa,39.05,-27.9833,17.57000000000005,73,100,7.7,PT,1667832639
481,soure,-0.7167,-48.5233,27.360000000000014,75,99,2.72,BR,1667832639
482,anaco,9.4389,-64.4728,31.660000000000025,52,75,1.26,VE,1667832639
483,kangaatsiaq,68.3065,-53.4641,-9.979999999999961,94,98,4.15,GL,1667832640
484,otane,-39.8833,176.6333,12.78000000000003,86,93,0.81,NZ,1667832640
485,lagunas,-5.2269,-75.6753,33.900000000000034,40,4,0.48,PE,1667832640
486,mason city,43.1536,-93.201,0.07000000000005002,74,0,2.06,US,1667832641
487,alindao,5.0267,21.2088,24.970000000000027,83,100,2.33,CF,1667832641
488,cabra,37.4725,-4.4421,22.80000000000001,24,3,3.74,ES,1667832641
489,bemidji,47.4736,-94.8803,-1.6399999999999864,89,100,0.45,US,1667832440
490,flin flon,54.7682,-101.865,-12.089999999999975,79,100,5.14,CA,1667832642
491,mantua,45.1667,10.7833,17.53000000000003,58,38,0.89,IT,1667832642
492,sur,22.5667,59.5289,28.220000000000027,61,88,0.86,OM,1667832363
493,buin,-33.7333,-70.75,28.02000000000004,31,6,2.21,CL,1667832462
494,madera,37.1666,-119.8343,13.470000000000027,93,100,1.79,US,1667832643
495,peleduy,59.6289,112.7406,-0.5699999999999932,94,100,4.18,RU,1667832643
496,itaqui,-29.1253,-56.5531,25.25,39,0,6.21,BR,1667832644
497,adrar,20.5022,-10.0711,33.19,10,68,3.32,MR,1667832644
498,berlevag,70.8578,29.0864,0.9700000000000273,86,100,3.6,NO,1667832644
499,issoudun,47.0,1.8333,17.83000000000004,68,0,4.12,FR,1667832570
500,parichha,25.5167,78.75,25.970000000000027,40,95,2.17,IN,1667832645
501,goderich,43.7501,-81.7165,9.390000000000043,46,0,8.75,CA,1667832568
502,cururupu,-1.8283,-44.8683,24.390000000000043,92,100,0.37,BR,1667832645
503,la palma,33.8464,-118.0467,16.560000000000002,94,100,2.57,US,1667832645
504,bucerias,20.75,-105.3333,24.430000000000007,71,36,1.57,MX,1667832384
505,bintulu,3.1667,113.0333,25.230000000000018,88,40,2.24,MY,1667832646
506,meridian,43.6121,-116.3915,5.090000000000032,83,75,2.57,US,1667832610
507,novoagansk,61.9449,76.6625,-9.259999999999991,97,82,2.3,RU,1667832646
508,necochea,-38.5473,-58.7368,24.910000000000025,37,5,6.34,AR,1667832350
509,svetlogorsk,52.6333,29.7333,7.3799999999999955,88,100,4.41,BY,1667832647
510,montmagny,48.9734,2.3469,16.360000000000014,74,75,8.23,FR,1667832647
511,aksha,50.2814,113.2867,-2.669999999999959,68,13,1.28,RU,1667832648
512,barentu,15.1139,37.5928,30.230000000000018,28,16,6.42,ER,1667832648
513,sic,46.9333,23.8833,12.990000000000009,72,97,2.31,RO,1667832648
514,kharan,28.5833,65.4167,23.180000000000007,38,9,1.46,PK,1667832649
515,port keats,-14.25,129.55,29.200000000000045,71,96,4.67,AU,1667832649
516,tiarei,-17.5333,-149.3333,24.010000000000048,88,100,8.47,PF,1667832649
517,ozernovskiy,51.5,156.5167,2.5500000000000114,61,100,8.06,RU,1667832650
518,kruisfontein,-34.0033,24.7314,21.600000000000023,54,99,7.95,ZA,1667832650
519,coahuayana,18.7333,-103.6833,26.29000000000002,79,28,0.14,MX,1667832650
520,phalaborwa,-23.943,31.1411,29.600000000000023,51,93,3.19,ZA,1667832651
521,taoudenni,22.6783,-3.9836,32.64000000000004,10,64,4.66,ML,1667832651
522,tete,-16.1564,33.5867,35.05000000000001,32,28,3.33,MZ,1667832651
523,havre-saint-pierre,50.2334,-63.5986,8.200000000000045,93,75,1.54,CA,1667832652
524,ixtapa,20.7,-105.2,24.57000000000005,69,8,0.45,MX,1667832652
525,faya,18.3851,42.4509,20.060000000000002,75,30,3.06,SA,1667832652
526,puerto narino,-3.7703,-70.3831,33.78000000000003,42,12,0.94,CO,1667832653
527,colares,38.7992,-9.4469,20.980000000000018,79,40,5.81,PT,1667832653
528,verkhneye kazanishche,42.7355,47.1378,3.480000000000018,81,4,2.25,RU,1667832653
529,muli,2.9167,73.5667,26.939999999999998,79,73,5.36,MV,1667832654
530,pingliang,35.5392,106.6861,9.430000000000007,64,99,2.45,CN,1667832654
531,yatou,37.15,122.3833,11.230000000000018,88,0,1.63,CN,1667832654
532,loandjili,-4.7561,11.8578,27.370000000000005,76,57,4.45,CG,1667832655
533,buchanan,5.8808,-10.0467,28.150000000000034,74,91,3.16,LR,1667832655
534,sawtell,-30.3833,153.1,14.010000000000048,88,40,0.0,AU,1667832655
535,praia,14.9215,-23.5087,31.30000000000001,42,40,5.66,CV,1667832510
536,trapani,37.8333,12.6667,22.05000000000001,60,20,2.06,IT,1667832656
537,sarezzo,45.6617,10.196,15.82000000000005,60,100,0.49,IT,1667832656
538,sayyan,15.1718,44.3244,17.200000000000045,26,0,2.94,YE,1667832656
539,billings,45.7833,-108.5007,-5.949999999999989,74,100,3.6,US,1667832587
540,greenwood,34.1668,-82.1165,20.200000000000045,100,100,0.0,US,1667832484
541,leopold,-38.1833,144.4667,16.010000000000048,91,2,2.06,AU,1667832657
542,pochutla,15.7432,-96.4661,27.680000000000007,71,9,0.52,MX,1667832657
543,koumac,-20.5667,164.2833,24.430000000000007,88,17,4.68,NC,1667832657
544,touros,-5.1989,-35.4608,29.660000000000025,53,91,6.25,BR,1667832658
545,borogontsy,62.6683,131.1683,-22.109999999999985,99,100,0.13,RU,1667832658
546,buraydah,26.326,43.975,28.25,29,2,4.06,SA,1667832658
547,pueblo nuevo,23.3833,-105.3833,15.090000000000032,31,0,2.06,MX,1667832659
548,kautokeino,69.0125,23.0412,-2.6499999999999773,83,66,5.58,NO,1667832659
549,vila franca do campo,37.7167,-25.4333,20.110000000000014,79,100,6.75,PT,1667832659
